<SmpWinPrj><ProjectName>C:\Interface\Sharp\XG-MB70X Video Projector\Sample\Sharp XG-MB70X Demo PRO2.smw</ProjectName><VersionInfo><SmpWinVersion>2.05.22</SmpWinVersion><CresDBVersion>17.1.1</CresDBVersion><SymbolLibrary>342</SymbolLibrary><DeviceLibrary>342</DeviceLibrary></VersionInfo><MinVersionInfo><MinSMWVersion>2.00.00</MinSMWVersion><MinTIOVersion>124</MinTIOVersion><MinUPZVersion>1.000</MinUPZVersion><CtrlSysType>17</CtrlSysType></MinVersionInfo><FileList><SimpWinFile>C:\Interface\Sharp\XG-MB70X Video Projector\Sample\Sharp XG-MB70X Demo PRO2.smw</SimpWinFile><SimpWinFile>C:\Interface\Sharp\XG-MB70X Video Projector\Sample\Sharp XG-MB70X Demo PRO2.spz</SimpWinFile><SimpWinFile>C:\Interface\Sharp\XG-MB70X Video Projector\Sample\Sharp XG-MB70X Demo PRO2.sig</SimpWinFile><SimpWinFile>C:\Interface\Sharp\XG-MB70X Video Projector\SimplWin\Sharp XG-MB70X.umc</SimpWinFile><SimpWinFile>C:\Interface\Sharp\XG-MB70X Video Projector\SimplWin\Sharp XG-MB70X Volume.ush</SimpWinFile><SimpWinFile>C:\Interface\Sharp\XG-MB70X Video Projector\SimplWin\Sharp XG-MB70X Volume.usp</SimpWinFile><SimpWinFile>C:\Interface\Sharp\XG-MB70X Video Projector\SimplWin\Sharp XG-MB70X Help.pdf</SimpWinFile></FileList><CompileData><UploadFile>C:\Interface\Sharp\XG-MB70X Video Projector\Sample\Sharp XG-MB70X Demo PRO2.spz</UploadFile></CompileData><ControlSystem><ControlSystemName>PRO2</ControlSystemName><ControlSystemCode>362</ControlSystemCode></ControlSystem><DeviceData><DEVICE><DeviceName>PRO2</DeviceName><DeviceCode>362</DeviceCode><DeviceHandle>2</DeviceHandle><DvcSymbolHandle>0</DvcSymbolHandle><DeviceLibraryName>PRO2</DeviceLibraryName><WizardCateogry>8</WizardCateogry><DeviceSettableMode>2</DeviceSettableMode><DeviceFirmwareName>PRO2</DeviceFirmwareName><IsNetDevice>0</IsNetDevice><Address>00</Address></DEVICE><DEVICE><DeviceName>C2I-COM6</DeviceName><DeviceCode>365</DeviceCode><DeviceHandle>7</DeviceHandle><DvcSymbolHandle>6</DvcSymbolHandle><DeviceLibraryName>C2I-COM6</DeviceLibraryName><SymbolTagName>Slot</SymbolTagName><WizardCateogry>1</WizardCateogry><DeviceSettableMode>2</DeviceSettableMode><DeviceFirmwareName>C2I-COM6</DeviceFirmwareName><IsNetDevice>0</IsNetDevice><Address>04</Address></DEVICE><DEVICE><DeviceName>Sharp</DeviceName><DeviceCode>369</DeviceCode><DeviceHandle>9</DeviceHandle><DvcSymbolHandle>7</DvcSymbolHandle><DeviceLibraryName>C2 COM Two-way serial driver</DeviceLibraryName><SymbolTagName>Port</SymbolTagName><WizardCateogry>32</WizardCateogry><DeviceSettableMode>2</DeviceSettableMode><IsNetDevice>0</IsNetDevice><Address>A</Address></DEVICE><DEVICE><DeviceName>C2 COM Two-way serial driver</DeviceName><DeviceCode>369</DeviceCode><DeviceHandle>11</DeviceHandle><DvcSymbolHandle>8</DvcSymbolHandle><DeviceLibraryName>C2 COM Two-way serial driver</DeviceLibraryName><SymbolTagName>Port</SymbolTagName><WizardCateogry>32</WizardCateogry><DeviceSettableMode>2</DeviceSettableMode><IsNetDevice>0</IsNetDevice><Address>B</Address></DEVICE><DEVICE><DeviceName>C2 COM Two-way serial driver</DeviceName><DeviceCode>369</DeviceCode><DeviceHandle>13</DeviceHandle><DvcSymbolHandle>9</DvcSymbolHandle><DeviceLibraryName>C2 COM Two-way serial driver</DeviceLibraryName><SymbolTagName>Port</SymbolTagName><WizardCateogry>32</WizardCateogry><DeviceSettableMode>2</DeviceSettableMode><IsNetDevice>0</IsNetDevice><Address>C</Address></DEVICE><DEVICE><DeviceName>C2 COM Two-way serial driver</DeviceName><DeviceCode>369</DeviceCode><DeviceHandle>15</DeviceHandle><DvcSymbolHandle>10</DvcSymbolHandle><DeviceLibraryName>C2 COM Two-way serial driver</DeviceLibraryName><SymbolTagName>Port</SymbolTagName><WizardCateogry>32</WizardCateogry><DeviceSettableMode>2</DeviceSettableMode><IsNetDevice>0</IsNetDevice><Address>D</Address></DEVICE><DEVICE><DeviceName>C2 COM Two-way serial driver</DeviceName><DeviceCode>369</DeviceCode><DeviceHandle>17</DeviceHandle><DvcSymbolHandle>11</DvcSymbolHandle><DeviceLibraryName>C2 COM Two-way serial driver</DeviceLibraryName><SymbolTagName>Port</SymbolTagName><WizardCateogry>32</WizardCateogry><DeviceSettableMode>2</DeviceSettableMode><IsNetDevice>0</IsNetDevice><Address>E</Address></DEVICE><DEVICE><DeviceName>C2 COM Two-way serial driver</DeviceName><DeviceCode>369</DeviceCode><DeviceHandle>19</DeviceHandle><DvcSymbolHandle>12</DvcSymbolHandle><DeviceLibraryName>C2 COM Two-way serial driver</DeviceLibraryName><SymbolTagName>Port</SymbolTagName><WizardCateogry>32</WizardCateogry><DeviceSettableMode>2</DeviceSettableMode><IsNetDevice>0</IsNetDevice><Address>F</Address></DEVICE><DEVICE><DeviceName>C2I-IR8</DeviceName><DeviceCode>366</DeviceCode><DeviceHandle>21</DeviceHandle><DvcSymbolHandle>13</DvcSymbolHandle><DeviceLibraryName>C2I-IR8</DeviceLibraryName><SymbolTagName>Slot</SymbolTagName><WizardCateogry>1</WizardCateogry><DeviceSettableMode>2</DeviceSettableMode><DeviceFirmwareName>C2I-IR8</DeviceFirmwareName><IsNetDevice>0</IsNetDevice><Address>05</Address></DEVICE><DEVICE><DeviceName>C2I-IO8</DeviceName><DeviceCode>367</DeviceCode><DeviceHandle>31</DeviceHandle><DvcSymbolHandle>14</DvcSymbolHandle><DeviceLibraryName>C2I-IO8</DeviceLibraryName><SymbolTagName>Slot</SymbolTagName><WizardCateogry>1</WizardCateogry><DeviceSettableMode>2</DeviceSettableMode><DeviceFirmwareName>C2I-IO8</DeviceFirmwareName><IsNetDevice>0</IsNetDevice><Address>06</Address></DEVICE><DEVICE><DeviceName>DIO-Port</DeviceName><DeviceCode>125</DeviceCode><DeviceHandle>33</DeviceHandle><DvcSymbolHandle>0</DvcSymbolHandle><DeviceLibraryName>DIO-Port</DeviceLibraryName><SymbolTagName>Slot</SymbolTagName><WizardCateogry>32</WizardCateogry><DeviceSettableMode>2</DeviceSettableMode><IsNetDevice>0</IsNetDevice><Address>01</Address></DEVICE><DEVICE><DeviceName>DIO-Port</DeviceName><DeviceCode>125</DeviceCode><DeviceHandle>35</DeviceHandle><DvcSymbolHandle>0</DvcSymbolHandle><DeviceLibraryName>DIO-Port</DeviceLibraryName><SymbolTagName>Slot</SymbolTagName><WizardCateogry>32</WizardCateogry><DeviceSettableMode>2</DeviceSettableMode><IsNetDevice>0</IsNetDevice><Address>02</Address></DEVICE><DEVICE><DeviceName>DIO-Port</DeviceName><DeviceCode>125</DeviceCode><DeviceHandle>37</DeviceHandle><DvcSymbolHandle>0</DvcSymbolHandle><DeviceLibraryName>DIO-Port</DeviceLibraryName><SymbolTagName>Slot</SymbolTagName><WizardCateogry>32</WizardCateogry><DeviceSettableMode>2</DeviceSettableMode><IsNetDevice>0</IsNetDevice><Address>03</Address></DEVICE><DEVICE><DeviceName>DIO-Port</DeviceName><DeviceCode>125</DeviceCode><DeviceHandle>39</DeviceHandle><DvcSymbolHandle>0</DvcSymbolHandle><DeviceLibraryName>DIO-Port</DeviceLibraryName><SymbolTagName>Slot</SymbolTagName><WizardCateogry>32</WizardCateogry><DeviceSettableMode>2</DeviceSettableMode><IsNetDevice>0</IsNetDevice><Address>04</Address></DEVICE><DEVICE><DeviceName>DIO-Port</DeviceName><DeviceCode>125</DeviceCode><DeviceHandle>41</DeviceHandle><DvcSymbolHandle>0</DvcSymbolHandle><DeviceLibraryName>DIO-Port</DeviceLibraryName><SymbolTagName>Slot</SymbolTagName><WizardCateogry>32</WizardCateogry><DeviceSettableMode>2</DeviceSettableMode><IsNetDevice>0</IsNetDevice><Address>05</Address></DEVICE><DEVICE><DeviceName>DIO-Port</DeviceName><DeviceCode>125</DeviceCode><DeviceHandle>43</DeviceHandle><DvcSymbolHandle>0</DvcSymbolHandle><DeviceLibraryName>DIO-Port</DeviceLibraryName><SymbolTagName>Slot</SymbolTagName><WizardCateogry>32</WizardCateogry><DeviceSettableMode>2</DeviceSettableMode><IsNetDevice>0</IsNetDevice><Address>06</Address></DEVICE><DEVICE><DeviceName>DIO-Port</DeviceName><DeviceCode>125</DeviceCode><DeviceHandle>45</DeviceHandle><DvcSymbolHandle>0</DvcSymbolHandle><DeviceLibraryName>DIO-Port</DeviceLibraryName><SymbolTagName>Slot</SymbolTagName><WizardCateogry>32</WizardCateogry><DeviceSettableMode>2</DeviceSettableMode><IsNetDevice>0</IsNetDevice><Address>07</Address></DEVICE><DEVICE><DeviceName>DIO-Port</DeviceName><DeviceCode>125</DeviceCode><DeviceHandle>47</DeviceHandle><DvcSymbolHandle>0</DvcSymbolHandle><DeviceLibraryName>DIO-Port</DeviceLibraryName><SymbolTagName>Slot</SymbolTagName><WizardCateogry>32</WizardCateogry><DeviceSettableMode>2</DeviceSettableMode><IsNetDevice>0</IsNetDevice><Address>08</Address></DEVICE><DEVICE><DeviceName>C2I-RY8</DeviceName><DeviceCode>368</DeviceCode><DeviceHandle>49</DeviceHandle><DvcSymbolHandle>15</DvcSymbolHandle><DeviceLibraryName>C2I-RY8</DeviceLibraryName><SymbolTagName>Slot</SymbolTagName><WizardCateogry>1</WizardCateogry><DeviceSettableMode>2</DeviceSettableMode><DeviceFirmwareName>C2I-RY8</DeviceFirmwareName><IsNetDevice>0</IsNetDevice><Address>07</Address></DEVICE><DEVICE><DeviceName>Relay</DeviceName><DeviceCode>7</DeviceCode><DeviceHandle>51</DeviceHandle><DvcSymbolHandle>0</DvcSymbolHandle><DeviceLibraryName>Relay</DeviceLibraryName><SymbolTagName>Slot</SymbolTagName><WizardCateogry>32</WizardCateogry><DeviceSettableMode>2</DeviceSettableMode><IsNetDevice>0</IsNetDevice><Address>01</Address></DEVICE><DEVICE><DeviceName>Relay</DeviceName><DeviceCode>7</DeviceCode><DeviceHandle>53</DeviceHandle><DvcSymbolHandle>0</DvcSymbolHandle><DeviceLibraryName>Relay</DeviceLibraryName><SymbolTagName>Slot</SymbolTagName><WizardCateogry>32</WizardCateogry><DeviceSettableMode>2</DeviceSettableMode><IsNetDevice>0</IsNetDevice><Address>02</Address></DEVICE><DEVICE><DeviceName>Relay</DeviceName><DeviceCode>7</DeviceCode><DeviceHandle>55</DeviceHandle><DvcSymbolHandle>0</DvcSymbolHandle><DeviceLibraryName>Relay</DeviceLibraryName><SymbolTagName>Slot</SymbolTagName><WizardCateogry>32</WizardCateogry><DeviceSettableMode>2</DeviceSettableMode><IsNetDevice>0</IsNetDevice><Address>03</Address></DEVICE><DEVICE><DeviceName>Relay</DeviceName><DeviceCode>7</DeviceCode><DeviceHandle>57</DeviceHandle><DvcSymbolHandle>0</DvcSymbolHandle><DeviceLibraryName>Relay</DeviceLibraryName><SymbolTagName>Slot</SymbolTagName><WizardCateogry>32</WizardCateogry><DeviceSettableMode>2</DeviceSettableMode><IsNetDevice>0</IsNetDevice><Address>04</Address></DEVICE><DEVICE><DeviceName>Relay</DeviceName><DeviceCode>7</DeviceCode><DeviceHandle>59</DeviceHandle><DvcSymbolHandle>0</DvcSymbolHandle><DeviceLibraryName>Relay</DeviceLibraryName><SymbolTagName>Slot</SymbolTagName><WizardCateogry>32</WizardCateogry><DeviceSettableMode>2</DeviceSettableMode><IsNetDevice>0</IsNetDevice><Address>05</Address></DEVICE><DEVICE><DeviceName>Relay</DeviceName><DeviceCode>7</DeviceCode><DeviceHandle>61</DeviceHandle><DvcSymbolHandle>0</DvcSymbolHandle><DeviceLibraryName>Relay</DeviceLibraryName><SymbolTagName>Slot</SymbolTagName><WizardCateogry>32</WizardCateogry><DeviceSettableMode>2</DeviceSettableMode><IsNetDevice>0</IsNetDevice><Address>06</Address></DEVICE><DEVICE><DeviceName>Relay</DeviceName><DeviceCode>7</DeviceCode><DeviceHandle>63</DeviceHandle><DvcSymbolHandle>0</DvcSymbolHandle><DeviceLibraryName>Relay</DeviceLibraryName><SymbolTagName>Slot</SymbolTagName><WizardCateogry>32</WizardCateogry><DeviceSettableMode>2</DeviceSettableMode><IsNetDevice>0</IsNetDevice><Address>07</Address></DEVICE><DEVICE><DeviceName>Relay</DeviceName><DeviceCode>7</DeviceCode><DeviceHandle>65</DeviceHandle><DvcSymbolHandle>0</DvcSymbolHandle><DeviceLibraryName>Relay</DeviceLibraryName><SymbolTagName>Slot</SymbolTagName><WizardCateogry>32</WizardCateogry><DeviceSettableMode>2</DeviceSettableMode><IsNetDevice>0</IsNetDevice><Address>08</Address></DEVICE><DEVICE><DeviceName>C2Net-Device</DeviceName><DeviceCode>371</DeviceCode><DeviceHandle>68</DeviceHandle><DvcSymbolHandle>16</DvcSymbolHandle><DeviceLibraryName>C2Net-Device</DeviceLibraryName><SymbolTagName>Slot</SymbolTagName><WizardCateogry>1</WizardCateogry><DeviceSettableMode>2</DeviceSettableMode><IsNetDevice>1</IsNetDevice><LocalOrRemote>Local</LocalOrRemote><Address>09</Address><AddressType>Cresnet</AddressType></DEVICE><DEVICE><DeviceName>C2I-PRO2-LCDPANEL</DeviceName><DeviceCode>374</DeviceCode><DeviceHandle>324</DeviceHandle><DvcSymbolHandle>17</DvcSymbolHandle><DeviceLibraryName>C2I-PRO2-LCDPANEL</DeviceLibraryName><SymbolTagName>Slot</SymbolTagName><WizardCateogry>1</WizardCateogry><DeviceSettableMode>2</DeviceSettableMode><DeviceFirmwareName>C2I-PRO2-LCDPANEL</DeviceFirmwareName><IsNetDevice>0</IsNetDevice><Address>10</Address><AddressType>Cresnet</AddressType></DEVICE><DEVICE><DeviceName>TPS-5000</DeviceName><DeviceCode>272</DeviceCode><DeviceHandle>325</DeviceHandle><DvcSymbolHandle>18</DvcSymbolHandle><DeviceLibraryName>TPS-5000</DeviceLibraryName><SymbolTagName>ID</SymbolTagName><WizardCateogry>2</WizardCateogry><DeviceSettableMode>16</DeviceSettableMode><DeviceFirmwareName>TPS-5000,TPS-5000L</DeviceFirmwareName><IsNetDevice>1</IsNetDevice><LocalOrRemote>Local</LocalOrRemote><Address>03</Address><AddressType>Cresnet</AddressType></DEVICE></DeviceData></SmpWinPrj>
